City_ID,City,Country,Date,Lat,Lng,Max Temp,Humidity,Cloudiness,Wind Speed
0,Hilo,US,2022-10-06 06:56:07,19.7297,-155.09,79.29,93,100,6.91
1,Mahebourg,MU,2022-10-06 06:55:09,-20.4081,57.7,77.29,65,40,13.8
2,Bathsheba,BB,2022-10-06 06:56:11,13.2167,-59.5167,83.01,78,40,18.41
3,Verkhnevilyuysk,RU,2022-10-06 06:56:12,63.4453,120.3167,29.84,74,100,9.33
4,Olafsvik,IS,2022-10-06 06:56:12,64.8945,-23.7142,42.87,71,100,9.75
5,Panchgani,IN,2022-10-06 06:56:13,17.9167,73.8167,66.42,79,100,4.16
6,Nemuro,JP,2022-10-06 06:56:13,43.3236,145.575,53.06,51,100,9.78
7,Ouadda,CF,2022-10-06 06:56:14,8.0777,22.4007,70.43,92,100,2.84
8,Ushuaia,AR,2022-10-06 06:51:34,-54.8,-68.3,38.86,81,20,13.8
9,Saint George,US,2022-10-06 06:56:14,37.1041,-113.5841,72.79,31,0,1.99
10,Albany,US,2022-10-06 06:55:46,42.6001,-73.9662,46.78,93,2,4.14
11,Vaini,TO,2022-10-06 06:56:15,-21.2,-175.2,77.16,100,75,3.44
12,Hamilton,US,2022-10-06 06:56:16,39.1834,-84.5333,54.39,81,50,1.01
13,Cape Town,ZA,2022-10-06 06:56:16,-33.9258,18.4232,63.37,71,75,8.05
14,Qaanaaq,GL,2022-10-06 06:56:17,77.484,-69.3632,5.59,73,63,8.25
15,Ca Mau,VN,2022-10-06 06:56:17,9.1769,105.15,78.49,89,100,4.0
16,Hay River,CA,2022-10-06 06:56:17,60.8156,-115.7999,44.58,57,40,12.66
17,Jamestown,US,2022-10-06 06:55:47,42.097,-79.2353,52.72,77,0,3.44
18,Georgetown,MY,2022-10-06 06:56:18,5.4112,100.3354,87.73,74,20,8.05
19,Hearst,CA,2022-10-06 06:56:19,49.6835,-83.6665,43.05,96,100,8.55
20,Khatanga,RU,2022-10-06 06:56:19,71.9667,102.5,16.97,96,100,7.4
21,Yellowknife,CA,2022-10-06 06:56:17,62.456,-114.3525,43.32,87,20,16.11
22,Constitucion,CL,2022-10-06 06:55:57,-35.3333,-72.4167,50.76,78,100,3.15
23,Bozeman,US,2022-10-06 06:53:14,45.6796,-111.0386,49.73,66,0,5.75
24,Carnarvon,AU,2022-10-06 06:56:20,-24.8667,113.6333,70.3,41,0,24.36
25,Arraial Do Cabo,BR,2022-10-06 06:56:21,-22.9661,-42.0278,69.19,84,81,14.54
26,Banda Aceh,ID,2022-10-06 06:55:03,5.5577,95.3222,83.37,72,99,14.03
27,Los Llanos De Aridane,ES,2022-10-06 06:56:21,28.6585,-17.9182,69.55,90,75,16.11
28,Saint-Pierre,RE,2022-10-06 06:56:22,-21.3393,55.4781,78.48,53,40,13.8
29,Saskylakh,RU,2022-10-06 06:56:22,71.9167,114.0833,16.21,91,98,12.95
30,Ilulissat,GL,2022-10-06 06:56:22,69.2167,-51.1,14.45,60,98,7.29
31,Luderitz,NA,2022-10-06 06:56:23,-26.6481,15.1594,61.61,51,2,16.73
32,Bluff,NZ,2022-10-06 06:56:23,-46.6,168.3333,45.81,59,89,18.5
33,Asau,RO,2022-10-06 06:56:24,46.4333,26.4,49.28,56,100,5.08
34,Khovu-Aksy,RU,2022-10-06 06:56:24,51.1333,93.6,40.48,62,100,4.94
35,Dikson,RU,2022-10-06 06:56:25,73.5069,80.5464,33.46,95,100,17.63
36,Tautira,PF,2022-10-06 06:56:25,-17.7333,-149.15,76.71,73,100,22.88
37,Poyarkovo,RU,2022-10-06 06:56:26,49.6,128.6833,46.76,30,95,10.8
38,Kapaa,US,2022-10-06 06:56:26,22.0752,-159.319,76.98,79,6,1.01
39,Atuona,PF,2022-10-06 06:56:27,-9.8,-139.0333,76.96,77,20,20.33
40,Nikolskoye,RU,2022-10-06 06:56:27,59.7035,30.7861,55.29,92,100,10.54
41,Olinda,BR,2022-10-06 06:56:27,-8.0089,-34.8553,76.73,83,75,4.61
42,Hermanus,ZA,2022-10-06 06:56:28,-34.4187,19.2345,62.8,69,100,16.53
43,Bangkal,PH,2022-10-06 06:56:28,6.0667,121.0667,83.43,74,92,1.95
44,Busselton,AU,2022-10-06 06:56:29,-33.65,115.3333,58.42,65,100,16.26
45,New Norfolk,AU,2022-10-06 06:56:29,-42.7826,147.0587,54.91,73,100,4.0
46,Inongo,CD,2022-10-06 06:56:29,-1.95,18.2667,73.0,89,100,2.08
47,Barrow,US,2022-10-06 06:57:30,71.2906,-156.7887,31.19,85,100,19.6
48,Faanui,PF,2022-10-06 06:57:30,-16.4833,-151.75,78.06,76,9,25.28
49,Ponta Do Sol,PT,2022-10-06 06:57:31,32.6667,-17.1,72.23,73,10,5.17
50,Sembakung,ID,2022-10-06 06:57:31,3.8167,117.25,87.1,64,100,3.36
51,Xining,CN,2022-10-06 06:57:31,36.6167,101.7667,48.11,68,95,5.73
52,Cabo San Lucas,MX,2022-10-06 06:54:47,22.8909,-109.9124,77.61,78,0,6.71
53,Biak,ID,2022-10-06 06:57:32,-0.9131,122.8766,83.1,70,29,2.71
54,Beloha,MG,2022-10-06 06:57:33,-25.1667,45.05,94.75,24,0,1.28
55,Punta Arenas,CL,2022-10-06 06:57:33,-53.15,-70.9167,39.31,75,0,9.22
56,Upernavik,GL,2022-10-06 06:57:34,72.7868,-56.1549,18.73,84,100,6.51
57,East London,ZA,2022-10-06 06:57:34,-33.0153,27.9116,65.34,82,40,12.66
58,Barra Do Bugres,BR,2022-10-06 06:57:34,-15.0725,-57.1811,74.8,78,100,3.24
59,Kruisfontein,ZA,2022-10-06 06:57:35,-34.0033,24.7314,60.84,64,100,9.13
60,Goya,AR,2022-10-06 06:57:35,-29.14,-59.2626,63.9,98,100,4.72
61,Port Alfred,ZA,2022-10-06 06:57:36,-33.5906,26.891,62.19,86,100,5.01
62,Rikitea,PF,2022-10-06 06:57:36,-23.1203,-134.9692,69.75,61,60,20.74
63,Victor Harbor,AU,2022-10-06 06:57:36,-35.5667,138.6167,67.68,81,87,6.82
64,Niteroi,BR,2022-10-06 06:57:37,-22.8833,-43.1036,72.61,83,75,5.75
65,Te Anau,NZ,2022-10-06 06:57:37,-45.4167,167.7167,37.65,84,70,2.82
66,Salalah,OM,2022-10-06 06:57:38,17.0151,54.0924,83.64,65,100,9.01
67,Abu Zabad,SD,2022-10-06 06:57:38,12.35,29.25,83.01,57,99,3.56
68,Bambous Virieux,MU,2022-10-06 06:57:39,-20.3428,57.7575,77.25,65,40,13.8
69,Tarakan,ID,2022-10-06 06:57:39,3.3,117.6333,87.3,66,40,4.61
70,Plouzane,FR,2022-10-06 06:57:39,48.3833,-4.6167,51.85,97,75,5.75
71,Saint-Philippe,RE,2022-10-06 06:57:40,-21.3585,55.7679,78.39,66,4,14.12
72,Mataura,NZ,2022-10-06 06:57:40,-46.1927,168.8643,45.48,69,91,7.29
73,San Patricio,US,2022-10-06 06:57:41,28.017,-97.5169,76.84,73,24,4.72
74,Talcahuano,CL,2022-10-06 06:57:41,-36.7167,-73.1167,53.28,76,100,4.61
75,Tyukhtet,RU,2022-10-06 06:57:42,56.5389,89.3011,38.3,76,99,9.06
76,Naze,JP,2022-10-06 06:57:42,28.3667,129.4833,81.52,68,70,12.41
77,Lubao,PH,2022-10-06 06:57:42,14.9167,120.55,92.91,62,99,11.79
78,Araci,BR,2022-10-06 06:57:43,-11.3333,-38.9667,72.34,82,100,9.86
79,College,US,2022-10-06 06:55:08,64.8569,-147.8028,37.08,85,43,3.33
80,Bengkulu,ID,2022-10-06 06:57:43,-3.8004,102.2655,80.53,83,100,6.44
81,Lebu,CL,2022-10-06 06:57:44,-37.6167,-73.65,50.56,96,100,15.01
82,Alberton,CA,2022-10-06 06:57:44,46.8168,-64.0654,55.31,94,16,7.27
83,Kodiak,US,2022-10-06 06:57:45,57.79,-152.4072,53.11,82,100,12.66
84,Pacific Grove,US,2022-10-06 06:57:45,36.6177,-121.9166,59.02,96,100,0.0
85,Tual,ID,2022-10-06 06:57:46,-5.6667,132.75,82.96,79,100,12.37
86,Carthage,TN,2022-10-06 06:57:46,36.8611,10.3316,71.13,88,20,2.3
87,Hasaki,JP,2022-10-06 06:57:47,35.7333,140.8333,54.28,86,100,24.45
88,Dubbo,AU,2022-10-06 06:57:07,-32.25,148.6167,66.33,72,100,8.05
89,Tymovskoye,RU,2022-10-06 06:57:47,50.8456,142.655,36.55,75,100,7.4
90,Thompson,CA,2022-10-06 06:57:48,55.7435,-97.8558,28.56,69,100,8.05
91,Lorengau,PG,2022-10-06 06:57:48,-2.0226,147.2712,84.18,73,18,10.4
92,Esperance,AU,2022-10-06 06:57:48,-33.8667,121.9,60.64,66,55,25.61
93,Umm Lajj,SA,2022-10-06 06:57:49,25.0213,37.2685,93.87,34,0,3.27
94,Paamiut,GL,2022-10-06 06:58:49,61.994,-49.6678,34.09,66,80,7.81
95,Kysyl-Syr,RU,2022-10-06 06:58:50,63.8986,122.7617,28.08,66,100,11.27
96,Axim,GH,2022-10-06 06:58:50,4.8699,-2.2405,76.44,87,16,6.87
97,Yerbogachen,RU,2022-10-06 06:58:50,61.2767,108.0108,37.17,53,74,6.42
98,Portland,US,2022-10-06 06:58:51,45.5234,-122.6762,60.69,92,35,1.99
99,Padang,ID,2022-10-06 06:58:52,-0.9492,100.3543,86.05,76,96,6.06
100,Guerrero Negro,MX,2022-10-06 06:58:52,27.9769,-114.0611,68.52,85,0,8.52
101,Hami,CN,2022-10-06 06:58:53,42.8,93.45,64.85,24,0,7.16
102,Bredasdorp,ZA,2022-10-06 06:58:53,-34.5322,20.0403,62.08,54,100,14.25
103,Hobart,AU,2022-10-06 06:58:54,-42.8794,147.3294,55.26,83,75,14.97
104,Henties Bay,NA,2022-10-06 06:58:54,-22.116,14.2845,56.89,80,88,6.24
105,Cabo Rojo,PR,2022-10-06 06:58:54,18.0866,-67.1457,78.98,84,24,4.85
106,Necochea,AR,2022-10-06 06:58:55,-38.5473,-58.7368,53.04,83,100,10.78
107,Kutum,SD,2022-10-06 06:58:55,14.2,24.6667,81.45,21,100,16.02
108,Myitkyina,MM,2022-10-06 06:58:56,25.3833,97.4,82.58,84,66,2.51
109,Perth,AU,2022-10-06 06:58:56,-31.9333,115.8333,66.02,50,0,16.11
110,Port Lincoln,AU,2022-10-06 06:57:59,-34.7333,135.8667,63.54,71,100,9.66
111,Bethel,US,2022-10-06 06:58:57,41.3712,-73.414,59.49,85,9,4.0
112,Cherskiy,RU,2022-10-06 06:58:57,68.75,161.3,28.69,93,100,25.01
113,Severo-Kurilsk,RU,2022-10-06 06:58:58,50.6789,156.125,45.0,81,62,16.15
114,Tiksi,RU,2022-10-06 06:58:58,71.6872,128.8694,24.3,89,98,17.83
115,Avarua,CK,2022-10-06 06:58:58,-21.2078,-159.775,75.25,73,75,9.22
116,Kasongo-Lunda,CD,2022-10-06 06:58:59,-6.4667,16.8167,75.56,80,99,0.98
117,Half Moon Bay,US,2022-10-06 06:58:59,37.4636,-122.4286,66.11,89,100,0.0
118,Halden,NO,2022-10-06 06:59:00,59.1226,11.3871,50.43,77,100,17.47
119,Ancud,CL,2022-10-06 06:59:00,-41.8697,-73.8203,45.14,81,100,7.0
120,Castro,BR,2022-10-06 06:59:01,-24.7911,-50.0119,56.89,97,100,6.06
121,Kargopol,RU,2022-10-06 06:59:01,61.5071,38.9456,45.82,82,99,6.15
122,Tasiilaq,GL,2022-10-06 06:59:02,65.6145,-37.6368,25.05,51,88,6.24
123,Airai,TL,2022-10-06 06:58:41,-8.9266,125.4092,72.0,64,100,3.67
124,Klaksvik,FO,2022-10-06 06:59:02,62.2266,-6.589,47.32,81,92,12.3
125,Broken Hill,AU,2022-10-06 06:59:03,-31.95,141.4333,80.53,21,5,14.76
126,Kiunga,PG,2022-10-06 06:59:03,-6.1219,141.2906,84.67,80,100,2.42
127,Iqaluit,CA,2022-10-06 06:59:04,63.7506,-68.5145,29.93,92,100,16.11
128,Gravdal,NO,2022-10-06 06:59:05,68.1214,13.5031,48.09,81,75,14.97
129,Sao Filipe,CV,2022-10-06 06:59:05,14.8961,-24.4956,78.75,84,99,10.98
130,Chokurdakh,RU,2022-10-06 06:59:06,70.6333,147.9167,18.14,96,63,7.94
131,Acapulco,MX,2022-10-06 06:57:10,16.8634,-99.8901,77.09,85,75,4.21
132,Ustka,PL,2022-10-06 06:57:16,54.5805,16.8619,58.64,80,10,26.51
133,Nome,US,2022-10-06 06:59:07,64.5011,-165.4064,43.16,83,100,21.94
134,Copiapo,CL,2022-10-06 06:59:08,-27.3667,-70.3333,53.98,59,0,2.19
135,San Jose,US,2022-10-06 06:58:50,37.3394,-121.895,65.59,80,20,1.01
136,Calbuco,CL,2022-10-06 07:00:09,-41.768,-73.1273,45.97,85,57,6.13
137,Vestmannaeyjar,IS,2022-10-06 07:00:10,63.4427,-20.2734,42.24,74,68,7.96
138,Talnakh,RU,2022-10-06 07:00:11,69.4865,88.3972,31.21,95,97,4.85
139,Tuatapere,NZ,2022-10-06 07:00:11,-46.1333,167.6833,43.92,67,100,10.69
140,Port Elizabeth,ZA,2022-10-06 06:57:27,-33.918,25.5701,64.69,80,75,16.11
141,Mehamn,NO,2022-10-06 07:00:12,71.0357,27.8492,44.55,87,75,12.66
142,Mandera,KE,2022-10-06 07:00:13,3.9366,41.867,85.41,50,78,11.34
143,Lamu,KE,2022-10-06 07:00:14,-2.2717,40.902,80.83,70,15,14.67
144,Warangal,IN,2022-10-06 07:00:15,18.0,79.5833,73.69,95,100,11.81
145,Liku,ID,2022-10-06 07:00:16,-0.7275,119.8922,81.97,80,100,2.68
146,High Level,CA,2022-10-06 07:00:16,58.5169,-117.136,38.71,71,22,4.76
147,Abu Samrah,SY,2022-10-06 07:00:17,35.3029,37.1841,75.67,38,0,3.56
148,Khuldabad,IN,2022-10-06 07:00:18,20.05,75.1833,72.59,81,100,4.16
149,Barra,BR,2022-10-06 07:00:19,-11.0894,-43.1417,77.05,52,27,11.72
150,Isangel,VU,2022-10-06 07:00:19,-19.55,169.2667,74.26,84,100,13.56
151,Mumford,GH,2022-10-06 07:00:20,5.2618,-0.759,75.79,89,49,9.04
152,Sao Joao Da Barra,BR,2022-10-06 07:00:20,-21.6403,-41.0511,70.38,83,100,9.69
153,Berdigestyakh,RU,2022-10-06 07:00:21,62.0989,126.6992,27.73,90,100,8.12
154,Narsaq,GL,2022-10-06 07:00:21,60.9167,-46.05,35.82,84,10,5.95
155,Vila Do Maio,CV,2022-10-06 07:00:22,15.1333,-23.2167,79.75,87,98,18.61
156,Puerto Ayora,EC,2022-10-06 07:00:23,-0.7393,-90.3518,65.55,96,96,3.0
157,Vicuna,CL,2022-10-06 07:00:24,-30.0319,-70.7081,54.14,59,1,2.21
158,Leningradskiy,RU,2022-10-06 07:00:25,69.3833,178.4167,28.98,89,100,5.84
159,Urumqi,CN,2022-10-06 06:58:01,43.801,87.6005,65.35,22,0,6.71
160,Ayaviri,PE,2022-10-06 07:00:26,-14.8864,-70.5889,41.16,26,38,2.8
161,Culfa,AZ,2022-10-06 07:00:27,38.9558,45.6308,78.67,24,0,4.88
162,Kokopo,PG,2022-10-06 07:00:27,-4.352,152.2633,84.13,67,100,10.94
163,Maxixe,MZ,2022-10-06 07:00:28,-23.8597,35.3472,84.65,52,0,7.83
164,Balaghat,IN,2022-10-06 07:00:28,21.8,80.1833,85.82,68,68,8.63
165,Pisco,PE,2022-10-06 07:00:29,-13.7,-76.2167,56.8,92,4,1.1
166,Tuktoyaktuk,CA,2022-10-06 07:00:29,69.4541,-133.0374,34.41,96,100,16.78
167,Manhattan,US,2022-10-06 06:56:53,40.7834,-73.9662,58.82,85,40,10.0
168,Haines Junction,CA,2022-10-06 07:00:30,60.7522,-137.5108,41.38,96,11,6.29
169,Haapiti,PF,2022-10-06 07:00:30,-17.5667,-149.8667,78.53,70,42,22.17
170,Beringovskiy,RU,2022-10-06 07:00:31,63.05,179.3167,40.1,65,1,31.85
171,Clyde River,CA,2022-10-06 06:58:10,70.4692,-68.5914,23.23,86,75,13.8
172,Atherton,GB,2022-10-06 07:00:32,53.5237,-2.4935,54.84,89,18,1.99
173,Redlands,US,2022-10-06 06:59:14,34.0556,-117.1825,77.07,73,0,0.0
174,Soliera,IT,2022-10-06 07:00:32,44.738,10.9263,63.0,74,7,1.52
175,Kahului,US,2022-10-06 07:00:33,20.8947,-156.47,79.84,84,50,4.0
176,Butaritari,KI,2022-10-06 07:00:33,3.0707,172.7902,81.73,78,14,14.36
177,Yatou,CN,2022-10-06 07:00:34,37.15,122.3833,57.58,47,100,13.53
178,Surab,PK,2022-10-06 07:00:34,28.4914,66.2585,75.0,9,0,1.63
179,Norman Wells,CA,2022-10-06 07:00:35,65.282,-126.8329,39.11,83,54,6.26
180,Pevek,RU,2022-10-06 07:01:35,69.7008,170.3133,31.01,93,100,8.46
181,Oistins,BB,2022-10-06 07:01:36,13.0667,-59.5333,79.03,82,100,16.17
182,Praia Da Vitoria,PT,2022-10-06 07:01:36,38.7333,-27.0667,68.76,97,91,12.84
183,Leh,IN,2022-10-06 07:01:37,34.1667,77.5833,51.17,22,0,5.14
184,Flinders,AU,2022-10-06 07:01:37,-34.5833,150.8552,62.19,93,71,3.0
185,Lagoa,PT,2022-10-06 07:01:38,39.05,-27.9833,69.55,85,100,12.28
186,Opuwo,NA,2022-10-06 07:01:24,-18.0607,13.84,77.31,21,0,4.88
187,Ishikari,JP,2022-10-06 07:01:38,43.2397,141.3539,51.82,59,98,13.62
188,Teguldet,RU,2022-10-06 07:01:39,57.3064,88.1667,35.87,89,100,5.68
189,Caravelas,BR,2022-10-06 07:01:39,-17.7125,-39.2481,72.68,91,74,4.85
190,Victoria,HK,2022-10-06 07:01:16,22.2855,114.1577,89.96,71,1,11.99
191,Hithadhoo,MV,2022-10-06 07:01:40,-0.6,73.0833,82.67,75,30,20.54
192,Hirara,JP,2022-10-06 07:00:12,24.8,125.2833,81.5,75,33,17.16
193,Pangkalanbuun,ID,2022-10-06 07:01:41,-2.6833,111.6167,83.82,79,100,3.8
194,Bayonet Point,US,2022-10-06 07:01:42,28.3267,-82.6834,68.95,84,0,7.4
195,Uyo,NG,2022-10-06 07:00:29,5.0333,7.9266,76.24,90,98,0.22
196,Beregovoy,RU,2022-10-06 07:01:42,55.173,73.2198,57.25,36,100,9.31
197,Taoudenni,ML,2022-10-06 07:01:43,22.6783,-3.9836,89.8,15,72,6.55
198,Shihezi,CN,2022-10-06 07:01:43,44.3,86.0333,65.77,26,0,3.98
199,Cidreira,BR,2022-10-06 07:01:43,-30.1811,-50.2056,64.26,89,100,21.43
200,Biritiba-Mirim,BR,2022-10-06 07:01:44,-23.5698,-46.0407,58.12,97,79,3.0
201,Provideniya,RU,2022-10-06 07:01:44,64.3833,-173.3,40.37,84,100,34.72
202,Kemijarvi,FI,2022-10-06 07:01:45,66.7131,27.4306,49.26,92,100,17.94
203,Mwense,ZM,2022-10-06 07:01:45,-10.3845,28.698,84.47,23,21,7.67
204,Wladyslawowo,PL,2022-10-06 06:57:57,54.7909,18.4009,59.94,79,90,25.61
205,Port Hedland,AU,2022-10-06 07:01:46,-20.3167,118.5667,84.25,58,1,18.41
206,Majene,ID,2022-10-06 07:01:46,-3.5403,118.9707,81.23,83,87,7.92
207,Codrington,AU,2022-10-06 07:01:47,-38.2667,141.9667,60.53,92,99,10.67
208,Chingirlau,KZ,2022-10-06 07:01:47,51.095,54.0814,53.04,65,100,14.79
209,Emerald,AU,2022-10-06 07:01:48,-23.5333,148.1667,83.34,43,40,9.82
210,Kholmy,UA,2022-10-06 07:01:48,51.871,32.6006,50.86,82,100,8.3
211,Changqing,CN,2022-10-06 07:01:49,36.5575,116.7272,57.47,59,100,4.36
212,Lompoc,US,2022-10-06 07:01:49,34.6391,-120.4579,55.81,100,100,3.44
213,Aklavik,CA,2022-10-06 07:01:50,68.2191,-135.0107,28.06,92,33,4.85
214,Billings,US,2022-10-06 06:59:58,45.7833,-108.5007,56.52,76,20,4.0
215,Proletarskiy,RU,2022-10-06 07:01:50,50.7914,35.7731,51.57,79,85,11.5
216,Doha,QA,2022-10-06 07:00:04,25.2867,51.5333,98.58,22,0,13.8
217,Mareeba,AU,2022-10-06 07:01:51,-17.0,145.4333,82.44,74,70,8.48
218,Nauta,PE,2022-10-06 07:01:51,-4.5061,-73.5757,75.76,78,58,3.24
219,Pandan,PH,2022-10-06 07:01:52,14.0453,124.1694,82.49,83,100,11.34
220,Newport,GB,2022-10-06 07:01:52,51.5877,-2.9984,57.74,87,10,12.5
221,Viransehir,TR,2022-10-06 07:01:53,37.2353,39.7631,85.24,25,0,2.62
222,Porto Novo,BJ,2022-10-06 07:00:33,6.4965,2.6036,77.76,87,100,4.83
223,Sterling,US,2022-10-06 07:01:53,39.0062,-77.4286,57.42,90,0,5.75
224,Matay,EG,2022-10-06 07:01:54,28.419,30.7792,77.79,49,0,19.24
225,Hambantota,LK,2022-10-06 07:01:54,6.1241,81.1185,93.54,52,40,14.97
226,Clarence Town,AU,2022-10-06 07:02:55,-32.5833,151.7833,66.11,88,100,2.33
227,Havelock,US,2022-10-06 07:02:55,34.8791,-76.9013,59.94,95,0,4.21
228,Ocampo,MX,2022-10-06 07:02:56,21.65,-101.5,55.08,89,100,7.38
229,Bjerkvik,NO,2022-10-06 07:02:56,68.5597,17.5189,42.62,86,100,6.38
230,Chuy,UY,2022-10-06 07:02:57,-33.6971,-53.4616,58.44,86,100,12.08
231,Luena,AO,2022-10-06 07:02:57,-11.7833,19.9167,77.58,46,100,6.96
232,Wanning,CN,2022-10-06 07:02:58,18.8003,110.3967,82.13,83,30,8.12
233,Los Lunas,US,2022-10-06 07:02:58,34.8062,-106.7334,58.5,94,100,8.05
234,Shushenskoye,RU,2022-10-06 07:02:59,53.325,91.9356,41.88,76,100,4.65
235,Meulaboh,ID,2022-10-06 07:02:59,4.1363,96.1285,80.35,80,99,2.75
236,Mamakan,RU,2022-10-06 07:02:59,57.8161,114.0028,36.73,64,100,2.1
237,Meiganga,CM,2022-10-06 07:03:00,6.5167,14.3,69.42,91,100,1.12
238,Kenora,CA,2022-10-06 07:00:20,49.8167,-94.4337,37.78,62,100,13.0
239,Rosetown,CA,2022-10-06 07:03:01,51.5501,-108.0014,36.66,47,100,10.07
240,Allanridge,ZA,2022-10-06 07:03:01,-27.7543,26.6438,77.61,40,43,7.02
241,Burnie,AU,2022-10-06 07:03:01,-41.0667,145.9167,53.94,91,100,16.28
242,Kaitangata,NZ,2022-10-06 07:03:02,-46.2817,169.8464,41.65,76,88,14.14
243,Belgaum,IN,2022-10-06 07:01:04,15.8667,74.5,76.91,78,75,9.22
244,Zhangye,CN,2022-10-06 07:03:03,38.9342,100.4517,60.73,23,6,10.31
245,Cumana,VE,2022-10-06 07:03:03,10.4635,-64.1775,75.92,94,100,6.08
246,Fort Nelson,CA,2022-10-06 07:03:04,58.8053,-122.7002,41.23,84,8,2.26
247,Carroll,US,2022-10-06 07:03:04,39.5501,-77.0164,56.55,84,0,1.99
248,Quatre Cocos,MU,2022-10-06 07:03:05,-20.2078,57.7625,77.11,72,31,17.54
249,Arlit,NE,2022-10-06 07:03:05,18.7369,7.3853,87.58,19,100,8.52
250,Oranjemund,NA,2022-10-06 07:03:06,-28.55,16.4333,58.14,71,4,12.24
251,Sistranda,NO,2022-10-06 07:03:06,63.7256,8.834,48.16,82,99,33.49
252,Mar Del Plata,AR,2022-10-06 07:00:09,-38.0023,-57.5575,56.95,92,46,1.99
253,Sitka,US,2022-10-06 07:03:07,57.0531,-135.33,55.29,94,100,0.0
254,Port Macquarie,AU,2022-10-06 07:03:07,-31.4333,152.9167,60.58,90,100,4.14
255,Fortuna,US,2022-10-06 07:03:08,40.5982,-124.1573,57.34,87,67,3.67
256,Sept-Iles,CA,2022-10-06 07:01:13,50.2001,-66.3821,48.06,91,84,5.57
257,Acaponeta,MX,2022-10-06 07:03:09,22.4964,-105.3594,74.32,92,90,2.42
258,Morondava,MG,2022-10-06 07:03:09,-20.2833,44.2833,81.25,65,0,7.52
259,Anadyr,RU,2022-10-06 07:03:10,64.75,177.4833,35.01,69,7,40.04
260,Bose,IT,2022-10-06 07:03:11,45.4612,8.0137,60.21,88,0,0.49
261,Palana,RU,2022-10-06 07:03:11,59.1167,159.9667,33.67,74,100,31.65
262,Koslan,RU,2022-10-06 07:03:12,63.4564,48.8989,42.87,97,100,3.02
263,Marzuq,YE,2022-10-06 07:03:12,14.4,46.4667,85.19,21,75,12.44
264,Tadine,NC,2022-10-06 07:03:13,-21.55,167.8833,71.76,65,100,13.53
265,Pangoa,PE,2022-10-06 07:03:13,-12.1167,-73.0,67.19,99,86,3.13
266,Kindu,CD,2022-10-06 07:03:14,-2.95,25.95,79.32,66,100,4.05
267,Ojinaga,MX,2022-10-06 07:03:14,29.5667,-104.4167,70.75,60,100,6.91
268,Roxana,CR,2022-10-06 07:03:15,10.2753,-83.7513,78.03,96,100,2.55
269,Yulara,AU,2022-10-06 07:03:15,-25.2406,130.9889,91.11,15,70,17.25
270,Nanortalik,GL,2022-10-06 07:03:16,60.1432,-45.2371,35.35,86,11,10.87
271,Najran,SA,2022-10-06 07:03:16,17.4924,44.1277,83.61,18,68,12.55
272,Khash,IR,2022-10-06 07:03:17,28.2211,61.2158,81.0,5,0,4.97
273,Collie,AU,2022-10-06 07:03:17,-33.3667,116.15,55.24,73,100,7.96
274,Ishigaki,JP,2022-10-06 07:04:18,24.3448,124.1572,81.0,78,27,16.93
275,Byron Bay,AU,2022-10-06 07:04:18,-28.65,153.6167,64.94,86,100,2.37
276,Itarema,BR,2022-10-06 07:04:19,-2.9248,-39.9167,77.83,78,14,15.86
277,Longyearbyen,SJ,2022-10-06 07:03:14,78.2186,15.6401,39.04,81,75,13.8
278,Vila Franca Do Campo,PT,2022-10-06 07:04:19,37.7167,-25.4333,69.19,87,96,8.23
279,Moose Factory,CA,2022-10-06 07:04:20,51.2585,-80.6094,40.98,93,100,9.22
280,Butembo,CD,2022-10-06 07:00:22,0.15,29.2833,68.41,68,74,1.1
281,Port-Gentil,GA,2022-10-06 07:01:05,-0.7193,8.7815,78.76,89,75,9.22
282,Kandi,BJ,2022-10-06 07:04:21,11.1342,2.9386,75.15,87,100,3.78
283,Omsukchan,RU,2022-10-06 07:04:21,62.5333,155.8,13.89,87,100,16.58
284,Mendi,PG,2022-10-06 07:04:22,-6.1761,143.6513,61.61,96,100,1.88
285,Korla,CN,2022-10-06 07:04:23,41.7597,86.1469,66.06,22,0,10.69
286,Buchanan,LR,2022-10-06 07:04:23,5.8808,-10.0467,75.2,89,97,1.66
287,Kopavogur,IS,2022-10-06 07:04:24,64.1123,-21.913,41.22,77,100,4.32
288,Nuuk,GL,2022-10-06 07:04:24,64.1835,-51.7216,34.41,86,100,11.5
289,Ubinskoye,RU,2022-10-06 07:04:25,55.3068,79.6802,44.33,91,100,4.65
290,Reconquista,AR,2022-10-06 07:04:25,-29.15,-59.65,63.46,94,100,6.51
291,Lucera,IT,2022-10-06 07:04:26,41.5082,15.3351,58.05,53,100,2.59
292,Tabuk,PH,2022-10-06 07:04:26,17.4189,121.4443,87.12,65,51,4.14
293,Juneau,US,2022-10-06 07:00:06,58.3019,-134.4197,55.09,100,96,3.22
294,Egvekinot,RU,2022-10-06 07:04:27,66.3167,-179.1667,28.78,92,100,29.95
295,Rock Springs,US,2022-10-06 06:59:40,41.5875,-109.2029,52.9,41,2,2.24
296,Los Reyes,MX,2022-10-06 07:04:27,19.35,-98.9667,58.86,91,100,0.0
297,Fasa,IR,2022-10-06 07:04:28,28.9383,53.6482,83.05,11,0,11.18
298,Bilibino,RU,2022-10-06 07:04:28,68.0546,166.4372,24.35,97,100,4.47
299,Kirovskiy,RU,2022-10-06 07:04:29,45.0917,133.5136,46.81,37,20,6.76
300,Cairns,AU,2022-10-06 07:00:03,-16.9167,145.7667,87.06,76,75,11.5
301,Okhotsk,RU,2022-10-06 07:04:30,59.3833,143.3,32.0,48,100,11.83
302,Tuni,IN,2022-10-06 07:04:30,17.35,82.55,81.34,85,100,11.18
303,Fairbanks,US,2022-10-06 07:00:11,64.8378,-147.7164,37.09,85,50,3.47
304,Robertsport,LR,2022-10-06 07:04:31,6.7533,-11.3686,77.32,85,100,2.26
305,Great Yarmouth,GB,2022-10-06 07:03:15,52.6083,1.7305,48.45,80,0,16.31
306,Teyateyaneng,LS,2022-10-06 07:04:32,-29.1472,27.7489,75.02,32,100,11.48
307,Sobolevo,RU,2022-10-06 07:04:33,54.4299,31.8996,51.39,84,11,8.7
308,Pokhara,NP,2022-10-06 07:00:29,28.2333,83.9833,67.12,99,100,2.24
309,Ribeira Grande,PT,2022-10-06 07:04:34,38.5167,-28.7,72.0,88,20,9.22
310,Mackay,AU,2022-10-06 07:00:26,-21.15,149.2,74.68,76,27,14.67
311,Paka,MY,2022-10-06 07:04:34,4.6374,103.4368,85.33,68,100,8.5
312,Ahipara,NZ,2022-10-06 07:04:35,-35.1667,173.1667,52.21,59,5,16.62
313,Maltahohe,NA,2022-10-06 07:04:35,-24.8333,16.9833,76.55,7,0,3.74
314,Rio Gallegos,AR,2022-10-06 07:01:45,-51.6226,-69.2181,43.54,78,100,18.7
315,San Quintin,MX,2022-10-06 07:04:36,30.4833,-115.95,67.73,85,0,4.7
316,Bataipora,BR,2022-10-06 07:05:37,-22.2953,-53.2711,69.04,89,37,10.29
317,Adrar,MR,2022-10-06 07:05:38,20.5022,-10.0711,81.88,14,3,11.48
318,Beloit,US,2022-10-06 07:05:38,42.5084,-89.0318,58.12,84,100,0.0
319,Fuerte Olimpo,PY,2022-10-06 07:05:39,-21.0415,-57.8738,75.51,73,4,5.73
320,Palmer,US,2022-10-06 07:05:39,42.1584,-72.3287,58.44,96,100,8.05
321,Termiz,UZ,2022-10-06 07:05:39,37.2242,67.2783,68.09,17,0,2.3
322,Hobyo,SO,2022-10-06 07:05:40,5.3505,48.5268,82.38,68,15,17.38
323,Goderich,CA,2022-10-06 07:05:40,43.7501,-81.7165,58.91,66,98,8.05
324,Dingle,PH,2022-10-06 07:05:41,10.9995,122.6711,86.49,70,100,10.36
325,Ajdabiya,LY,2022-10-06 07:05:41,30.7554,20.2263,73.08,55,0,12.46
326,Alofi,NU,2022-10-06 07:05:41,-19.0595,-169.9187,76.73,82,58,17.6
327,Hunchun,CN,2022-10-06 07:05:42,42.8675,130.3581,52.11,34,100,3.36
328,Raga,SS,2022-10-06 07:05:42,8.4596,25.678,77.94,79,100,3.83
329,Labuan,MY,2022-10-06 07:05:43,5.2767,115.2417,83.44,75,16,10.69
330,Minas,UY,2022-10-06 07:05:43,-34.3759,-55.2377,53.44,92,100,14.07
331,Katsuura,JP,2022-10-06 07:05:44,35.1333,140.3,53.62,91,100,21.59
332,Chapais,CA,2022-10-06 07:05:44,49.7834,-74.8492,55.18,98,97,6.15
333,Yueyang,CN,2022-10-06 07:05:44,29.3333,113.0919,51.71,84,100,11.59
334,Bonavista,CA,2022-10-06 07:05:45,48.6499,-53.1147,52.47,72,100,6.15
335,Bairiki,KI,2022-10-06 07:05:45,1.3292,172.9752,82.4,78,20,10.36
336,Hell,NO,2022-10-06 07:05:46,63.4455,10.9033,48.11,71,75,4.61
337,Cranbrook,CA,2022-10-06 07:00:58,49.4999,-115.7688,51.22,58,7,2.35
338,Balikpapan,ID,2022-10-06 07:05:47,-1.2675,116.8289,83.39,79,20,4.61
339,San Vicente,AR,2022-10-06 07:05:47,-26.6167,-54.1333,62.76,99,100,3.56
340,Zyryanka,RU,2022-10-06 07:05:47,65.75,150.85,22.55,91,100,26.8
341,Zhigansk,RU,2022-10-06 07:05:48,66.7697,123.3711,25.9,71,29,27.29
342,Mitsamiouli,KM,2022-10-06 07:05:48,-11.3847,43.2844,77.43,70,4,3.15
343,Luganville,VU,2022-10-06 07:05:49,-15.5333,167.1667,78.06,86,99,9.33
344,Wajir,KE,2022-10-06 07:02:22,1.7471,40.0573,81.86,57,80,16.84
345,Elk River,US,2022-10-06 07:05:49,45.3038,-93.5672,61.12,87,100,7.0
346,Makariv,UA,2022-10-06 07:05:50,50.4641,29.8113,55.18,64,98,11.48
347,Touros,BR,2022-10-06 07:05:51,-5.1989,-35.4608,75.83,85,24,10.87
348,Mount Isa,AU,2022-10-06 07:05:51,-20.7333,139.5,94.77,24,75,8.05
349,Aljezur,PT,2022-10-06 07:05:52,37.3191,-8.8033,65.7,57,2,3.0
350,Erenhot,CN,2022-10-06 07:05:52,43.6475,111.9767,54.23,11,0,13.42
351,Kloulklubed,PW,2022-10-06 07:05:53,7.0419,134.2556,84.7,68,9,5.7
352,Vao,NC,2022-10-06 07:05:53,-22.6667,167.4833,71.08,64,100,16.22
353,Torbay,CA,2022-10-06 07:05:34,47.6666,-52.7314,49.75,92,100,5.01
354,Ambilobe,MG,2022-10-06 07:05:54,-13.2,49.05,91.74,30,5,12.41
355,Rongcheng,CN,2022-10-06 07:05:54,30.634,117.8517,56.46,95,100,3.76
356,Ternate,ID,2022-10-06 07:05:54,0.8,127.4,84.94,72,54,6.26
357,Hervey Bay,AU,2022-10-06 07:05:55,-25.2986,152.8535,72.01,67,46,7.0
358,Suez,EG,2022-10-06 07:05:55,29.9737,32.5263,78.04,62,1,11.99
359,Pangai,TO,2022-10-06 07:05:56,-19.8,-174.35,77.59,84,100,11.39
360,Leshukonskoye,RU,2022-10-06 07:05:56,64.8989,45.7622,45.3,94,100,5.35
361,Honningsvag,NO,2022-10-06 07:06:57,70.9821,25.9704,44.35,87,75,20.71
362,Dzaoudzi,YT,2022-10-06 07:06:58,-12.7887,45.2699,84.09,61,20,11.5
363,Kyenjojo,UG,2022-10-06 07:06:58,0.6328,30.6214,72.7,73,79,0.2
364,Nishihara,JP,2022-10-06 07:06:58,26.1842,127.7558,85.68,76,75,14.97
365,Atar,MR,2022-10-06 07:06:59,20.5169,-13.0499,84.2,18,9,12.3
366,Port Blair,IN,2022-10-06 07:06:59,11.6667,92.75,82.74,72,100,7.02
367,Kavieng,PG,2022-10-06 07:07:00,-2.5744,150.7967,83.71,74,100,12.55
368,Tiarei,PF,2022-10-06 07:07:00,-17.5333,-149.3333,78.82,74,76,24.72
369,Puerto Leguizamo,CO,2022-10-06 07:07:01,-0.1934,-74.7819,76.41,82,96,3.4
370,Ibra,OM,2022-10-06 07:07:01,22.6906,58.5334,92.34,25,0,2.8
371,Brigantine,US,2022-10-06 07:07:02,39.4101,-74.3646,59.0,95,40,8.05
372,Palembang,ID,2022-10-06 07:07:02,-2.9167,104.7458,87.89,66,40,5.75
373,Souillac,MU,2022-10-06 07:07:02,-20.5167,57.5167,77.38,69,75,14.97
374,Kuryk,KZ,2022-10-06 07:07:03,43.2,51.65,71.35,27,28,14.36
375,Paita,PE,2022-10-06 07:07:03,-5.0892,-81.1144,61.05,87,11,10.71
376,Ranau,MY,2022-10-06 07:07:04,5.9538,116.6641,81.45,74,94,2.39
377,Dhidhdhoo,MV,2022-10-06 07:07:04,6.8833,73.1,81.81,76,96,17.69
378,Hualmay,PE,2022-10-06 07:07:05,-11.0964,-77.6139,59.74,84,61,8.48
379,Shaoguan,CN,2022-10-06 07:07:05,24.8,113.5833,93.2,41,72,0.78
380,Gimli,CA,2022-10-06 07:07:06,50.6336,-96.9907,38.25,68,96,20.56
381,Piacabucu,BR,2022-10-06 07:07:06,-10.4056,-36.4344,73.71,92,91,6.6
382,Bubaque,GW,2022-10-06 07:07:07,11.2833,-15.8333,81.45,73,99,8.16
383,Passo De Camaragibe,BR,2022-10-06 07:07:07,-9.2368,-35.4901,72.95,97,79,1.88
384,Torrelavega,ES,2022-10-06 07:07:08,43.3494,-4.0479,63.81,89,100,5.55
385,Flin Flon,CA,2022-10-06 07:07:08,54.7682,-101.865,26.08,63,0,3.56
386,Listvyagi,RU,2022-10-06 07:07:09,53.6772,86.951,41.32,75,97,4.61
387,Smithers,CA,2022-10-06 07:07:09,54.7804,-127.1743,46.72,100,0,4.61
388,Jinchang,CN,2022-10-06 07:07:10,38.4953,102.1739,57.16,28,1,7.02
389,Sao Gabriel,BR,2022-10-06 07:07:10,-30.3364,-54.32,58.24,98,100,11.5
390,Miri,MY,2022-10-06 07:07:11,4.4148,114.0089,84.06,76,100,6.87
391,Namtsy,RU,2022-10-06 07:07:11,62.7161,129.6658,30.69,57,100,6.67
392,Mersing,MY,2022-10-06 07:07:11,2.4312,103.8405,85.19,68,83,6.96
393,Harper,LR,2022-10-06 07:07:12,4.375,-7.7169,75.38,89,99,1.88
394,Cayambe,EC,2022-10-06 07:07:12,0.05,-78.1333,45.66,95,82,0.34
395,Ushtobe,KZ,2022-10-06 07:07:13,45.2514,77.9838,69.19,20,0,17.02
396,Coahuayana,MX,2022-10-06 07:07:13,18.7333,-103.6833,75.61,92,100,3.2
397,Nago,JP,2022-10-06 07:04:20,26.5881,127.9761,86.45,66,18,8.1
398,Kuytun,RU,2022-10-06 07:07:14,54.3419,101.5036,36.9,66,100,7.16
399,Avera,US,2022-10-06 07:07:14,33.194,-82.5271,50.38,48,14,3.87
400,Katiola,CI,2022-10-06 07:07:15,8.1333,-5.1,70.34,96,30,2.64
401,Akyab,MM,2022-10-06 07:07:15,20.15,92.9,86.58,65,6,6.49
402,Havre-Saint-Pierre,CA,2022-10-06 07:07:16,50.2334,-63.5986,50.09,78,99,8.12
403,Vikulovo,RU,2022-10-06 07:07:16,56.8167,70.6107,55.74,32,100,7.49
404,Bambanglipuro,ID,2022-10-06 07:07:17,-7.95,110.2833,81.21,74,90,13.73
405,Orlik,RU,2022-10-06 07:07:17,52.5178,99.825,35.22,37,100,12.12
406,Rivera,UY,2022-10-06 07:07:17,-30.9053,-55.5508,57.81,98,100,4.63
407,Ola,RU,2022-10-06 07:07:18,59.5833,151.2833,28.63,55,66,5.39
408,Suhbaatar,MN,2022-10-06 07:07:18,50.2314,106.2078,45.75,33,100,4.9
409,Grand-Santi,GF,2022-10-06 07:08:19,4.25,-54.3833,70.18,98,11,2.42
410,Tongzi,CN,2022-10-06 07:08:19,28.7829,105.0877,58.82,87,100,7.74
411,Pemba,MZ,2022-10-06 07:08:20,-12.974,40.5178,76.69,72,0,3.04
412,Tres Arroyos,AR,2022-10-06 07:08:20,-38.3739,-60.2798,51.35,76,100,8.23
413,Poum,NC,2022-10-06 07:08:21,-20.2333,164.0167,74.34,67,100,13.0
414,Vila,PT,2022-10-06 07:08:21,42.0304,-8.1588,54.48,91,96,5.1
415,Mogadishu,SO,2022-10-06 07:08:22,2.0371,45.3438,80.33,77,19,14.88
416,Raton,US,2022-10-06 07:08:22,36.9034,-104.4391,47.05,94,0,4.61
417,Saint-Francois,FR,2022-10-06 07:08:23,46.4154,3.9054,55.67,100,100,3.44
418,Antalaha,MG,2022-10-06 07:08:23,-14.9003,50.2788,77.0,67,79,12.12
419,Susuman,RU,2022-10-06 07:08:24,62.7833,148.1667,17.82,88,100,3.24
420,Rocha,UY,2022-10-06 07:08:24,-34.4833,-54.3333,54.3,94,100,9.15
421,Helena,US,2022-10-06 07:08:24,46.5927,-112.0361,53.98,74,0,3.0
422,Jian,CN,2022-10-06 07:08:25,27.1172,114.9793,69.39,63,93,10.96
423,Yumen,CN,2022-10-06 07:08:25,40.2833,97.2,59.02,28,0,4.47
424,Arcachon,FR,2022-10-06 07:08:26,44.5875,-1.0519,60.85,100,100,4.61
425,Moree,AU,2022-10-06 07:08:27,-29.4667,149.85,70.65,59,79,11.52
426,Ostrovnoy,RU,2022-10-06 07:08:27,68.0531,39.5131,47.07,79,17,22.73
427,Narasannapeta,IN,2022-10-06 07:08:27,18.4167,84.05,83.14,79,100,9.95
428,Inirida,CO,2022-10-06 07:08:28,3.8653,-67.9239,73.51,98,100,0.74
429,Maniitsoq,GL,2022-10-06 07:08:28,65.4167,-52.9,32.22,72,100,11.54
430,Mangrol,IN,2022-10-06 07:08:29,21.1167,70.1167,86.04,60,32,11.95
431,Lavrentiya,RU,2022-10-06 07:08:29,65.5833,-171.0,41.68,85,100,36.22
432,Shingu,JP,2022-10-06 07:08:30,33.7333,135.9833,65.97,78,100,5.75
433,Saint-Augustin,CA,2022-10-06 07:08:30,51.226,-58.6502,51.22,81,99,7.18
434,Bam,IR,2022-10-06 07:08:31,29.106,58.357,84.78,10,0,19.91
435,Moravita,RO,2022-10-06 07:08:31,45.2558,21.2703,54.12,100,0,2.3
436,Havoysund,NO,2022-10-06 07:08:32,70.9963,24.6622,44.83,87,100,15.43
437,Guymon,US,2022-10-06 07:08:32,36.6828,-101.4816,55.4,88,0,0.0
438,San Enrique,PH,2022-10-06 07:08:32,10.4161,122.8504,85.39,75,100,10.58
439,Gatesville,US,2022-10-06 07:08:33,31.4352,-97.7439,68.29,49,0,4.83
440,Les Escoumins,CA,2022-10-06 07:08:33,48.1111,-69.0236,46.47,86,5,5.95
441,Caronport,CA,2022-10-06 07:08:34,50.4501,-105.8179,38.82,49,49,10.51
442,Lintgen,LU,2022-10-06 07:08:34,49.7158,6.1336,53.94,93,20,4.61
443,Fallon,US,2022-10-06 07:04:10,39.4735,-118.7774,68.09,23,0,2.17
444,Dalbandin,PK,2022-10-06 07:08:35,28.8947,64.4101,86.56,8,0,7.61
445,Waipawa,NZ,2022-10-06 07:08:35,-41.4122,175.5153,38.93,73,93,14.83
446,Hollins,US,2022-10-06 07:08:35,37.3413,-79.9431,54.45,87,0,3.44
447,Eureka,US,2022-10-06 07:08:36,40.8021,-124.1637,57.61,87,74,3.09
448,Solnechnyy,RU,2022-10-06 07:08:37,50.7214,136.6319,39.27,40,71,8.41
449,Kirakira,SB,2022-10-06 07:08:37,-10.4544,161.9205,79.83,82,100,6.22
450,Kununurra,AU,2022-10-06 07:04:15,-15.7667,128.7333,94.98,43,75,5.75
451,Botwood,CA,2022-10-06 07:05:41,49.1499,-55.3482,41.9,88,100,4.45
452,Naigarhi,IN,2022-10-06 07:08:38,24.7833,81.7833,86.31,61,93,6.44
453,Hastings,GB,2022-10-06 07:08:38,50.8552,0.5729,51.55,10,0,10.65
454,Simao,CN,2022-10-06 07:09:39,22.7886,100.9748,77.83,62,52,3.49
455,Monterey,US,2022-10-06 07:06:03,36.2505,-121.2516,64.06,47,0,3.31
456,Le Port,RE,2022-10-06 07:09:39,-20.9373,55.2919,78.8,58,30,4.03
457,Puerto Escondido,MX,2022-10-06 07:09:40,15.85,-97.0667,77.58,84,34,4.97
458,Nuristan,AF,2022-10-06 07:09:40,35.3,70.8333,45.45,31,15,10.83
459,Anda,CN,2022-10-06 07:05:24,46.4,125.3167,49.03,22,6,11.23
460,Alta Floresta,BR,2022-10-06 07:09:41,-9.8756,-56.0861,70.99,82,55,2.19
461,Saint Anthony,US,2022-10-06 07:09:41,45.0205,-93.218,60.53,89,75,8.05
462,Alice Springs,AU,2022-10-06 07:09:42,-23.7,133.8833,94.55,40,2,19.57
463,Fairview,US,2022-10-06 07:09:42,40.8126,-73.999,57.81,83,0,6.91
464,Ahuimanu,US,2022-10-06 07:09:43,21.4447,-157.8378,78.51,80,20,0.0
465,Magistralnyy,RU,2022-10-06 07:09:43,56.1725,107.4458,41.41,50,97,2.73
466,Makarov,RU,2022-10-06 07:09:43,48.6333,142.8,43.12,51,32,11.74
467,Carutapera,BR,2022-10-06 07:09:44,-1.195,-46.02,79.68,74,76,11.21
468,Santa Fe,AR,2022-10-06 07:07:07,-31.6333,-60.7,61.02,88,100,8.01
469,Stornoway,GB,2022-10-06 07:09:44,58.2093,-6.3865,50.04,84,40,26.46
470,Skjervoy,NO,2022-10-06 07:09:45,70.0311,20.9714,44.6,84,100,12.97
471,Sorong,ID,2022-10-06 07:09:45,-0.8833,131.25,83.79,74,100,5.14
472,Anqing,CN,2022-10-06 07:09:46,30.5092,117.0506,56.35,88,100,7.81
473,Baruun-Urt,MN,2022-10-06 07:09:46,46.6806,113.2792,48.13,17,2,12.59
474,Valparaiso,CL,2022-10-06 07:09:47,-33.0393,-71.6273,49.64,87,0,5.75
475,Mukhen,RU,2022-10-06 07:09:47,48.1,136.1,42.78,49,54,9.71
476,Deputatskiy,RU,2022-10-06 07:09:47,69.3,139.9,14.95,93,100,6.85
477,Coihaique,CL,2022-10-06 07:09:48,-45.5752,-72.0662,40.95,81,75,5.75
478,Aseri,EE,2022-10-06 07:09:48,59.4506,26.8675,53.89,86,100,16.8
479,Vung Tau,VN,2022-10-06 07:09:49,10.346,107.0843,82.09,77,100,9.98
480,Oussouye,SN,2022-10-06 07:09:49,12.485,-16.5469,77.63,85,12,3.15
481,Port Hardy,CA,2022-10-06 07:09:49,50.6996,-127.4199,56.62,92,100,2.46
482,Hovd,MN,2022-10-06 07:09:50,48.0056,91.6419,54.84,17,84,3.53
483,Matara,LK,2022-10-06 07:09:50,5.9485,80.5353,83.21,70,100,15.7
484,Taltal,CL,2022-10-06 07:09:51,-25.4,-70.4833,59.43,52,0,4.07
485,Sakaiminato,JP,2022-10-06 07:09:51,35.55,133.2333,67.93,60,6,16.49
486,Margate,GB,2022-10-06 07:09:52,51.3813,1.3862,49.87,83,2,3.0
487,San Rafael,AR,2022-10-06 07:09:52,-34.6177,-68.3301,55.26,48,70,6.62
488,Gari,RU,2022-10-06 07:09:52,59.4307,62.3497,43.09,87,100,8.52
489,Sur,OM,2022-10-06 07:09:53,22.5667,59.5289,91.27,38,16,5.64
490,Rosarito,MX,2022-10-06 07:09:53,32.3333,-117.0333,66.94,82,1,2.21
491,Putina,PE,2022-10-06 07:09:54,-15.4667,-69.4333,44.02,38,16,5.26
492,Beisfjord,NO,2022-10-06 07:09:54,68.3751,17.5988,44.65,89,100,6.31
493,Porohy,UA,2022-10-06 07:09:55,48.6876,24.2632,55.9,57,98,4.63
494,Pecos,US,2022-10-06 07:09:55,31.4229,-103.4932,63.86,94,40,0.0
495,Cuamba,MZ,2022-10-06 07:09:55,-14.8031,36.5372,85.86,26,0,6.04
496,Toamasina,MG,2022-10-06 07:09:56,-18.1667,49.3833,74.46,68,73,5.06
497,Veracruz,MX,2022-10-06 07:09:57,19.3333,-96.6667,68.49,98,99,0.89
498,Champerico,GT,2022-10-06 07:09:57,14.3,-91.9167,77.02,86,100,5.03
499,Kismayo,SO,2022-10-06 07:09:57,-0.3582,42.5454,81.39,71,28,14.12
500,Rabo De Peixe,PT,2022-10-06 07:09:58,37.8,-25.5833,68.27,94,20,5.75
501,Severobaykalsk,RU,2022-10-06 07:09:58,55.65,109.3167,32.18,66,90,2.55
502,Vostok,RU,2022-10-06 07:09:59,46.4856,135.8833,38.71,43,100,10.0
503,Moche,PE,2022-10-06 07:10:59,-8.1711,-79.0092,59.18,88,100,8.05
504,Kuala Terengganu,MY,2022-10-06 07:11:00,5.3302,103.1408,84.51,73,100,10.11
505,Banepa,NP,2022-10-06 07:11:00,27.6298,85.5214,62.92,94,100,6.91
506,Kaohsiung,TW,2022-10-06 07:11:01,22.6163,120.3133,89.55,72,75,11.5
507,Kamina,CD,2022-10-06 07:11:01,-8.7386,24.9906,82.13,43,21,3.36
508,Mocuba,MZ,2022-10-06 07:11:02,-16.8392,36.9856,90.36,30,0,5.77
509,Killorglin,IE,2022-10-06 07:11:02,52.1,-9.7833,56.73,90,100,12.84
510,Ulaangom,MN,2022-10-06 07:11:03,49.9811,92.0667,47.37,36,100,7.92
511,Male,MV,2022-10-06 07:07:44,4.1748,73.5089,80.96,79,55,19.66
512,Coquimbo,CL,2022-10-06 07:11:03,-29.9533,-71.3436,51.53,87,0,5.75
513,Sungairaya,ID,2022-10-06 07:11:04,0.7,108.9,85.42,66,88,6.87
514,Hailar,CN,2022-10-06 07:11:04,49.2,119.7,41.67,27,100,11.05
515,Zabaykalsk,RU,2022-10-06 07:11:05,49.6333,117.3167,40.53,32,99,9.73
516,Kropotkin,RU,2022-10-06 07:11:05,45.4375,40.5756,60.51,56,98,3.78
517,Stromness,GB,2022-10-06 07:11:06,58.965,-3.296,51.87,77,15,27.0
518,Paungde,MM,2022-10-06 07:11:06,18.4833,95.5,89.55,66,43,2.37
519,Richards Bay,ZA,2022-10-06 07:11:07,-28.783,32.0377,86.14,46,0,12.66
520,Amuntai,ID,2022-10-06 07:11:07,-2.4177,115.2494,86.85,61,88,2.53
521,Namibe,AO,2022-10-06 07:11:07,-15.1961,12.1522,65.59,79,32,4.25
522,Yorosso,ML,2022-10-06 07:11:08,12.3536,-4.7761,74.98,82,35,4.65
523,Waitara,NZ,2022-10-06 07:11:09,-38.925,174.25,45.5,48,1,7.25
524,Aurillac,FR,2022-10-06 07:11:09,44.9167,2.45,54.68,97,0,4.61
525,Antofagasta,CL,2022-10-06 07:11:10,-23.65,-70.4,56.48,56,0,9.98
526,Grindavik,IS,2022-10-06 07:11:10,63.8424,-22.4338,41.47,87,0,4.61
527,Ballitoville,ZA,2022-10-06 07:11:11,-29.539,31.2144,71.24,76,38,7.78
528,Waddan,LY,2022-10-06 07:11:12,29.1614,16.139,70.68,68,0,8.61
529,Zheleznodorozhnyy,RU,2022-10-06 07:11:12,55.7503,38.0042,48.72,89,100,5.03
530,Yar-Sale,RU,2022-10-06 07:11:12,66.8333,70.8333,39.65,68,100,16.51
531,Waingapu,ID,2022-10-06 07:11:13,-9.6567,120.2641,85.59,68,100,12.59
532,Padre Bernardo,BR,2022-10-06 07:11:13,-15.35,-48.5,72.3,68,37,2.37
533,Homer,US,2022-10-06 07:10:33,59.6425,-151.5483,55.78,81,100,3.44
534,Lermontovka,RU,2022-10-06 07:11:14,47.1453,134.3383,46.2,41,98,8.12
535,Kidal,ML,2022-10-06 07:11:14,18.4411,1.4078,86.95,17,0,12.88
536,Whitehorse,CA,2022-10-06 07:06:15,60.7161,-135.0538,50.31,71,81,11.99
537,Atchison,US,2022-10-06 07:11:15,39.563,-95.1216,60.96,63,0,6.11
538,Mount Gambier,AU,2022-10-06 07:11:15,-37.8333,140.7667,61.12,88,3,6.22
